,Bx,By,Bz
0,-4.0153,-14.7222,-3.72592
1,-3.97562,-14.7642,-3.48855
2,-4.0099,-14.8181,-3.09591
3,-3.82803,-14.8804,-2.81013
4,-3.35621,-15.049,-2.09127
5,-3.06771,-15.1228,-1.91522
6,-3.02578,-15.1008,-1.78547
7,-2.54242,-15.1487,-1.72569
8,-2.74753,-15.1015,-1.74465
9,-2.95777,-15.0594,-1.31131
10,-2.87664,-15.1288,-1.06916
11,-3.21994,-15.1481,-0.952957
12,-3.22118,-15.1802,-0.856345
13,-3.04382,-15.1861,-0.987034
14,-3.56806,-15.0401,-0.966456
15,-3.21163,-15.0696,-1.17706
16,-3.23248,-15.0038,-0.121925
17,-3.28838,-14.9538,0.387923
18,-2.93083,-15.0361,0.556992
19,-2.87648,-15.0062,0.883709
20,-2.78541,-14.7575,1.91502
21,-2.57409,-14.7781,1.96918
22,-2.19076,-14.8545,1.46308
23,-2.29344,-14.9298,1.21624
24,-1.49454,-15.044,0.581151
25,-2.53908,-14.9311,1.54778
26,-2.02757,-15.0281,0.861565
27,-2.57114,-14.6954,1.43388
28,-2.87176,-14.3267,2.27163
29,-2.79897,-14.0523,2.11145
30,-2.1723,-13.6397,0.905332
31,-2.34237,-14.004,1.66532
32,-2.65475,-14.04,1.72772
33,-2.36418,-13.8531,1.33596
34,-1.91747,-13.9912,0.809999
35,-2.15245,-13.9922,1.25461
36,-2.42448,-13.6085,2.04941
37,-2.23941,-13.4662,1.88919
38,-1.78253,-12.8772,1.08257
39,-1.75546,-13.3408,1.39053
40,-1.23708,-12.9239,1.17211
41,-1.66162,-11.3081,0.732287
42,-1.41639,-11.504,1.8118
43,-0.778552,-10.3203,3.30985
44,-0.733176,-10.8937,3.79161
45,-0.580196,-12.0358,1.66795
46,-0.438592,-12.9378,1.76114
47,-0.916863,-13.545,1.17595
48,-1.03989,-13.7109,1.13393
49,-1.1482,-13.6098,1.54322
50,-1.05122,-13.3914,1.96452
51,-0.861519,-13.3492,2.15193
52,-0.735582,-13.3764,2.19111
53,-0.730937,-13.5234,1.87451
54,-0.738311,-13.5541,1.68752
55,-0.371061,-13.6643,1.57969
56,-0.635414,-13.6273,1.89612
57,-0.43491,-13.6238,1.883
58,-0.348154,-13.6034,1.96858
59,-0.392922,-13.6173,1.92173
60,-0.496273,-13.5989,1.70567
61,0.164928,-13.0553,3.25618
62,-0.206762,-13.1774,1.90508
63,-0.972249,-13.7081,-0.717439
64,-1.17289,-13.6809,-1.25403
65,-1.10714,-13.6548,-1.333
66,-1.0893,-13.8464,-0.338119
67,-1.2444,-13.7793,-0.829061
68,-1.01275,-13.747,-1.1286
69,-1.00147,-13.7757,-0.700355
70,-1.29542,-13.8455,-1.3253
71,-1.69419,-13.7489,-2.45107
72,-1.4795,-13.8033,-2.01084
73,-1.43495,-13.6543,-2.48624
74,-1.13064,-13.8369,-1.97312
75,-0.890608,-14.0558,-0.661284
76,-0.817946,-13.9713,-1.27216
77,-0.374295,-13.8731,-1.91962
78,-0.597892,-13.8614,-2.00647
79,-0.768462,-13.8415,-2.09153
80,-0.796551,-13.872,-2.15709
81,0.0924054,-14.124,-0.615145
82,0.424196,-14.1782,-0.00477772
83,-0.0685582,-14.2388,-0.0688695
84,-0.038032,-14.2441,-0.231576
85,0.0128698,-14.2647,-0.395195
86,-0.196143,-14.2755,-0.049209
87,-0.707828,-14.2274,0.394022
88,-0.296218,-14.1722,-0.105159
89,-0.244765,-14.1844,0.146417
90,-0.0888406,-14.2147,-0.249124
91,-0.479934,-14.189,-0.616094
92,-1.10226,-14.1468,-0.995299
93,-0.647757,-14.184,-1.47476
94,-0.956189,-14.2019,-1.75115
95,-1.08622,-14.2493,-1.68346
96,-0.870788,-14.311,-1.45617
97,-1.4069,-14.3574,-0.779571
98,-1.55025,-14.3941,-0.27073
99,-1.51523,-14.4064,-0.66845
100,-1.26386,-14.4442,-0.355656
101,-1.16664,-14.4339,-0.517045
102,-0.847886,-14.4517,-0.962792
103,-0.830295,-14.4697,-0.783298
104,-0.792827,-14.4889,-0.602426
105,-0.712354,-14.499,-0.662278
106,-0.60887,-14.5092,-0.5282
107,-0.0927363,-14.5129,-0.907419
108,-0.394953,-14.5993,-0.649832
109,-0.468442,-14.6028,-0.551861
110,-0.423806,-14.6143,-0.679312
111,-0.70198,-14.6096,-0.804281
112,-0.513861,-14.6033,-1.02818
113,-0.43342,-14.5199,-1.5355
114,-0.418924,-14.4885,-1.72327
115,-0.489215,-14.5609,-1.84543
116,-0.46957,-14.6014,-1.81355
117,-0.487382,-14.6301,-1.45837
118,-0.352425,-14.6317,-1.55813
119,-0.490194,-14.6727,-1.24189
120,-0.287816,-14.6663,-1.20634
121,0.0759192,-14.6397,-1.51636
122,-0.059542,-14.6458,-1.51867
123,-0.264587,-14.7061,-1.30685
124,-0.543121,-14.7912,-0.995991
125,-0.557904,-14.8208,-0.79766
126,-0.540761,-14.8478,-0.614279
127,-0.552689,-14.8586,-0.49917
128,-0.446092,-14.8711,-0.28355
129,-0.442862,-14.8638,-0.052092
130,0.0140499,-14.8288,-0.482012
131,-0.402589,-14.8315,-0.181384
132,-0.380945,-14.8391,0.075387
133,-0.340686,-14.7193,-0.547854
134,-0.682402,-14.6231,-1.27644
135,-0.243701,-14.6582,0.115713
136,0.198521,-14.6655,0.040431
137,-0.123517,-14.651,1.07219
138,0.148489,-14.4554,-1.20168
139,0.462922,-13.9514,-2.50128
140,0.412678,-14.3056,-1.21926
141,-0.0225804,-14.399,0.0647077
142,-0.66215,-14.3017,2.20829
143,0.417904,-14.4663,0.906221
144,-0.615722,-14.4374,1.66389
145,-0.798834,-14.4065,1.73504
146,-0.496406,-14.2847,1.12165
147,-0.0979364,-14.3041,0.0127396
148,-0.131647,-14.1692,-0.451744
149,-0.111698,-14.2041,0.105435
150,0.0686415,-14.1799,0.389873
151,0.335852,-14.2044,0.44585
152,-0.383729,-14.2781,0.864138
153,-0.600818,-14.2676,0.980811
154,-1.16188,-14.2391,1.0267
155,-1.29349,-14.1509,1.30433
156,-1.02087,-14.1814,1.36538
157,-0.995072,-14.1951,1.1705
158,-1.46239,-14.1734,1.30367
159,-1.60772,-14.2287,1.22384
160,-1.84487,-14.1527,1.37455
161,-1.76591,-14.2195,1.24989
162,-1.70838,-14.2975,0.989657
163,-1.77781,-14.1956,1.4249
164,-2.04563,-14.1024,1.81058
165,-2.12386,-14.1745,1.49652
166,-1.86337,-14.192,1.60362
167,-1.692,-14.1694,1.84178
168,-1.54963,-14.1704,1.85053
169,-1.6232,-14.207,1.34779
170,-1.47797,-14.2793,1.46479
171,-1.54392,-14.2286,1.71564
172,-1.2664,-14.1607,2.31209
173,-1.42816,-14.1803,2.38599
174,-2.19112,-14.0216,3.04043
175,-2.42318,-13.8962,3.18284
176,-1.52173,-13.9751,2.87793
177,-0.998029,-13.8857,3.24941
178,-0.885551,-13.932,2.96471
179,-0.694997,-13.7794,3.44482
180,-0.513698,-13.2758,4.77276
181,-0.36948,-13.2486,4.52632
182,-0.212915,-13.3153,4.6322
183,-0.115262,-13.3329,4.6758
184,0.0281386,-13.4407,4.32427
185,0.076188,-13.6346,4.03967
186,-0.0683776,-13.6361,3.9272
187,0.0520534,-13.5003,4.18535
188,-0.134343,-13.6843,3.57643
189,-0.277787,-13.7609,3.22112
190,-0.21274,-13.6691,3.51048
191,-0.0385164,-13.6753,3.42067
192,-0.605219,-13.8269,2.54538
193,-0.529089,-13.7492,2.65045
194,-0.566331,-13.8517,1.27562
195,-0.807175,-13.8762,0.887802
196,-0.134741,-13.2858,4.11157
197,0.0761277,-13.0234,4.92713
198,-0.294142,-12.6615,5.76593
199,-0.629915,-12.3808,-2.73819
200,-1.05394,-12.4172,-3.81486
201,-0.617896,-12.5742,-3.08089
202,-0.543692,-12.6139,-3.06453
203,-2.35187,-11.3164,-4.74485
204,-2.87618,-9.34229,-6.63411
205,-1.43984,-10.5355,-5.60953
206,-1.05536,-11.0449,-4.28639
207,-1.68879,-10.6259,-5.24619
208,-2.16552,-10.5086,-5.29039
209,-2.1913,-11.151,-4.81361
210,-2.44891,-11.2106,-4.44312
211,-1.52126,-11.521,-4.3314
212,-0.920552,-12.6785,-1.08644
213,-1.34331,-12.91,0.921208
214,-1.55244,-12.9537,0.82913
215,-2.33528,-12.7607,1.15929
216,-2.45588,-12.6648,1.44537
217,-2.26396,-12.6445,1.48656
218,-1.94222,-12.6634,1.74008
219,-2.35175,-12.5122,2.26381
220,-2.18262,-12.2214,3.00684
221,2.59185,-12.2765,-0.90332
222,2.43598,-12.4015,-0.643773
223,-0.571511,-12.988,2.05473
224,2.61258,-12.6947,0.949178
225,2.55802,-12.6584,1.71604
226,1.38549,-12.8059,1.84079
227,0.455125,-12.8887,1.80618
228,0.34085,-12.7533,2.58707
229,0.494991,-12.5596,3.81783
230,0.61353,-12.6397,3.57177
231,0.444246,-12.4279,3.87746
232,0.0714369,-12.8747,3.08983
233,0.0799398,-12.9372,2.94062
234,0.158816,-13.0084,1.59962
235,0.457229,-12.6465,3.72126
236,0.678349,-13.0628,3.88246
237,0.53036,-13.452,3.16359
238,0.535173,-13.4739,3.67163
239,0.539456,-13.5675,3.39315
240,0.741302,-13.5443,3.32878
241,0.711451,-13.4858,3.05799
242,0.685316,-13.4905,2.72871
243,0.735655,-13.581,2.06042
244,0.698692,-13.5901,1.60768
245,0.694633,-13.5043,2.24627
246,0.485274,-13.1927,3.76897
247,0.13792,-13.2071,3.48922
248,0.167977,-13.0919,3.75096
249,0.402068,-12.8802,4.55799
250,0.643795,-12.5562,5.14367
251,0.0359446,-12.6292,3.127
252,0.341497,-12.3866,2.40854
253,0.536516,-12.8581,0.160044
254,-0.127552,-11.6455,6.09171
255,0.0582192,-11.3285,6.21344
256,0.234918,-11.5734,5.30519
257,0.413071,-11.8424,4.91993
258,0.172243,-12.0716,4.51106
259,0.402424,-12.011,4.92499
260,0.879686,-12.2062,4.87524
261,0.462596,-12.4465,4.24255
262,-0.1342,-13.169,1.87112
263,0.410163,-13.4908,2.38111
264,0.763585,-13.5005,2.25229
265,-0.964797,-13.2096,-1.95886
266,-1.48362,-12.9478,-3.4526
267,-1.30355,-12.4785,-4.84583
268,-1.97221,-11.8458,-5.9543
269,-2.12557,-12.6512,-2.64085
270,-2.21794,-13.3225,-2.59181
271,-2.09357,-13.2561,-2.79281
272,-1.9576,-13.3141,-2.45257
273,-1.85122,-13.4314,-1.82017
274,-1.93643,-13.4546,-1.683
275,-1.86273,-13.4738,-1.23435
276,-2.12729,-13.3527,-1.7272
277,-1.96659,-13.1735,-2.89331
278,-1.96256,-13.1806,-2.68846
279,-1.75576,-13.0359,-3.07201
280,-1.78213,-13.0397,-3.0611
281,-2.24546,-12.9993,-3.07263
282,-1.99895,-13.0511,-2.84157
283,-1.82375,-13.0515,-2.72002
284,-1.757,-13.0546,-2.69303
285,-1.57223,-13.2348,-2.14954
286,-1.58436,-13.4057,-1.24883
287,-1.32463,-13.4375,-0.706935
288,-1.12414,-13.46,-0.186258
289,-1.0756,-13.506,-0.201995
290,-1.17914,-13.4741,-0.763268
291,-1.20205,-13.4643,-0.937801
292,-1.33061,-13.443,-1.20117
293,-1.16407,-13.5044,-0.628688
294,-1.37252,-13.4767,-1.07384
295,-1.4875,-13.4153,-1.78024
296,-1.5765,-13.3696,-2.05656
297,-1.62306,-13.2698,-2.53864
298,-1.60861,-13.233,-2.54713
299,-0.998671,-13.4551,-1.14322
300,-0.299015,-13.5551,0.1247
301,-0.106515,-13.5432,0.242381
302,-0.454319,-13.5532,-0.12281
303,-0.994048,-13.4808,-1.20967
304,-1.16429,-13.4627,-1.44505
305,-1.07946,-13.4786,-1.53046
306,-0.963757,-13.4927,-1.13155
307,-0.771716,-13.5341,-0.689202
308,-0.8489,-13.4874,-1.46933
309,-1.58414,-13.0823,-3.43264
310,-1.94903,-12.8473,-4.13221
311,-1.53323,-13.2153,-3.15417
312,-1.46943,-13.1984,-3.34473
313,-1.3996,-13.2318,-3.17678
314,-1.5118,-13.1699,-3.35759
315,-1.59229,-13.2553,-2.97897
316,-1.61456,-13.2402,-3.0246
317,-1.36476,-13.1683,-3.49029
318,-1.19356,-13.3345,-3.06353
319,-0.757855,-13.5621,-1.93794
320,-0.283488,-13.716,-0.917843
321,-0.476421,-13.6757,-1.1284
322,-0.509324,-13.6952,-0.626042
323,-0.300839,-13.753,-0.0805059
324,-0.378376,-13.7514,-0.0377095
325,-0.483063,-13.7531,-0.537099
326,-0.722131,-13.7262,-0.784218
327,-0.491991,-13.6216,-1.3616
328,-0.221362,-12.8987,-4.18073
329,-0.0957279,-12.57,-5.09035
330,0.017369,-12.3099,-5.60976
331,-0.263354,-12.3778,-5.42211
332,-0.305353,-12.3888,-5.35807
333,-0.469484,-12.4796,-5.0431
334,-0.344958,-12.5402,-4.95794
335,-0.606097,-12.6081,-4.66077
336,-0.426159,-12.7474,-4.28909
337,-0.387736,-12.8298,-4.06291
338,-0.64701,-13.0485,-3.13096
339,-0.339533,-12.8342,-3.72273
340,-0.495045,-12.7059,-4.20012
341,-0.139365,-12.7348,-3.9861
342,-0.245583,-12.6909,-4.08868
343,-1.05962,-12.9395,-3.19716
344,-1.47061,-13.0166,-2.60555
345,-0.606672,-12.5509,-4.40866
346,-0.528079,-12.5629,-4.62942
347,-0.683119,-12.6845,-4.22706
348,-1.04958,-12.9168,-3.38096
349,-1.34366,-13.1165,-2.50715
350,-1.14198,-13.0981,-2.92487
351,-1.48317,-13.1647,-2.19941
352,-2.20459,-12.9617,-2.84295
353,-1.84735,-13.266,-1.99823
354,-2.22269,-13.2779,-1.84503
355,-2.4402,-13.1784,-2.34459
356,-2.0799,-13.3042,-1.88206
357,-2.02321,-13.2433,-2.22755
358,-1.97672,-13.3539,-1.48656
359,-1.85775,-13.4167,-1.16151
360,-1.96247,-13.4051,-0.894114
361,-1.95485,-13.4235,-0.545138
362,-1.82278,-13.4142,-0.871463
363,-1.7948,-13.4663,-0.762907
364,-2.11306,-13.3512,0.351496
365,-2.36452,-13.2657,0.903809
366,-1.91076,-13.0351,-1.19375
367,-1.79374,-13.0061,-1.72109
368,-1.80081,-12.7994,-2.61069
369,-1.99327,-12.9761,-1.97522
370,-1.85707,-12.8483,-2.57987
371,-1.86923,-12.6867,-2.68039
372,-2.03963,-12.4714,-3.19249
373,-1.98793,-12.9252,-2.23922
374,-1.85756,-13.0505,-2.42248
375,-1.83336,-12.9758,-2.56389
376,-1.69303,-13.0308,-2.23257
377,-1.59691,-13.1822,-1.67163
378,-1.9725,-13.2059,-1.85854
379,-1.7577,-13.1229,-2.46682
380,-1.74224,-13.249,-2.52209
381,-1.79714,-13.0782,-3.01098
382,-2.10872,-12.9281,-3.42427
383,-2.19576,-13.1629,-2.57741
384,-1.92214,-13.3538,-1.72962
385,-2.30026,-13.3282,-0.896874
386,-2.24706,-13.3908,-0.570661
387,-2.27006,-13.3877,-0.142614
388,-2.16522,-13.4273,-0.503984
389,-2.0952,-13.4752,-0.502702
390,-2.2443,-13.3684,-0.641571
391,-2.10943,-13.4092,-0.799974
392,-2.12335,-13.497,-1.13893
393,-2.70899,-13.3268,-0.356744
394,-2.63819,-13.387,-0.08649
395,-2.43779,-13.3527,0.639462
396,-2.89632,-13.1938,0.124667
397,-3.33188,-13.0569,0.756724
398,-2.7596,-13.0927,1.83557
399,-2.76898,-13.2193,0.754216
400,-2.81378,-13.2745,-0.090217
401,-2.49116,-13.3989,0.349069
402,-2.64791,-13.6911,-0.181127
403,-2.5821,-13.7032,-0.597135
404,-2.9282,-13.7099,-0.652462
405,-2.72255,-13.8489,-1.00484
406,-2.5035,-13.9224,-0.507128
407,-2.6153,-13.7718,-1.20913
408,-2.64641,-13.7043,-1.85839
409,-2.52798,-13.5307,-2.72153
410,-2.29111,-13.8832,-1.59656
411,-2.74379,-13.9826,-0.719604
412,-2.91643,-13.9606,-1.95924
413,-2.91472,-13.9905,-2.26555
414,-2.89372,-13.6946,-3.99041
415,-2.68359,-13.1037,-5.53683
416,-3.08914,-13.4814,-4.45741
417,-2.41211,-13.1141,-5.82881
418,-2.3623,-12.9416,-6.28729
419,-1.77938,-12.7802,-6.66821
420,-2.08253,-11.9291,-8.08817
421,-2.53316,-12.3375,-7.23966
422,-2.15277,-13.2773,-5.49358
423,-1.42257,-12.4986,-7.41389
424,-1.89817,-12.3218,-7.62293
425,-2.86449,-12.3455,-7.21329
426,-2.28487,-13.6018,-4.90302
427,-2.63451,-13.5456,-5.06913
428,-3.19824,-13.4806,-4.93544
429,-3.05437,-13.6234,-4.71116
430,-3.2682,-13.4264,-5.06844
431,-3.19439,-13.1699,-5.74417
432,-3.46229,-13.2155,-5.48795
433,-3.32026,-13.1104,-5.84669
434,-3.98258,-12.5271,-6.6323
435,-4.70991,-12.2542,-6.66405
436,-5.29857,-12.3544,-6.06157
437,-4.3386,-13.0788,-5.25717
438,-3.0402,-13.0773,-6.07509
439,-3.38457,-13.6027,-4.38535
440,-2.76869,-13.7662,-4.62231
441,-3.21522,-13.5962,-4.70201
442,-3.11574,-13.4894,-5.07785
443,-2.98146,-13.566,-4.98733
444,-3.16577,-13.4667,-5.17947
445,-2.89771,-13.299,-5.7339
446,-3.1458,-13.2278,-5.88219
447,-3.15791,-13.2786,-5.49558
448,-3.19497,-13.0471,-5.9328
449,-3.12818,-13.1139,-5.83856
450,-3.18719,-13.3135,-5.40381
451,-3.36076,-13.0367,-6.16039
452,-3.11622,-13.1197,-6.24424
453,-3.35188,-12.9493,-6.44816
454,-3.06615,-13.0253,-6.25293
455,-2.88675,-13.0496,-6.22327
456,-3.83642,-12.4598,-6.90492
457,-3.44101,-12.699,-6.60855
458,-3.06218,-12.3126,-7.54302
459,-2.35006,-12.3483,-7.71131
460,-3.1525,-12.5651,-7.03272
461,-3.17139,-13.0072,-6.26403
462,-3.57432,-13.1861,-5.51117
463,-2.55432,-13.495,-5.07031
464,-2.71708,-13.5128,-5.11946
465,-2.87384,-13.5344,-5.03603
466,-2.8243,-12.6501,-7.36505
467,-2.82403,-12.4942,-7.65408
468,-2.7655,-12.8014,-7.31887
469,-3.02462,-12.7535,-7.29792
470,-3.22199,-12.4801,-7.67425
471,-3.24758,-12.4716,-7.70543
472,-2.95113,-12.7032,-7.52549
473,-3.55137,-12.2154,-7.96071
474,-2.95274,-12.5877,-7.61762
475,-3.82043,-11.9489,-8.45236
476,-3.70337,-12.2949,-7.98783
477,-3.62348,-12.3049,-7.99629
478,-3.61364,-12.3889,-7.87784
479,-3.57632,-12.9092,-6.90828
480,-4.24281,-12.4639,-7.41155
481,-3.79191,-12.8479,-7.22875
482,-3.7706,-12.6497,-7.64672
483,-3.61506,-12.6815,-7.69302
484,-3.51226,-12.4271,-8.17065
485,-3.27253,-11.6673,-9.22006
486,-3.44167,-11.8276,-9.03919
487,-3.47772,-11.9677,-8.8636
488,-3.27103,-12.0047,-8.93359
489,-2.85543,-12.5843,-8.14357
490,-3.22385,-12.552,-7.94899
491,-3.34914,-12.1289,-8.53066
492,-4.44963,-12.8996,-6.84952
493,-4.26534,-13.1758,-6.31992
494,-4.23665,-13.5394,-5.5488
495,-4.23013,-13.6563,-5.48234
496,-4.07768,-13.9126,-4.88989
497,-4.11289,-13.8448,-4.95104
498,-4.17951,-13.2317,-6.31976
499,-3.96371,-13.254,-6.58034
500,-4.1465,-13.1308,-6.69438
501,-4.0072,-13.2355,-6.6615
502,-4.03825,-13.233,-6.75726
503,-4.01368,-13.1424,-7.08432
504,-4.12007,-13.2282,-6.87899
505,-4.13774,-13.2797,-6.77948
506,-4.11617,-13.2694,-6.81899
507,-4.26031,-13.2118,-6.9198
508,-3.75396,-13.3344,-7.03159
509,-3.91391,-13.3441,-6.93801
510,-3.81775,-13.3289,-7.07836
511,-3.71403,-13.4525,-6.94514
512,-3.68649,-13.3599,-7.22045
513,-3.65649,-13.4172,-7.16078
514,-3.74255,-13.5294,-6.92506
515,-3.63005,-13.492,-7.1104
516,-3.56707,-13.3933,-7.42516
517,-3.54878,-13.3497,-7.56127
518,-3.76294,-13.0828,-7.90967
519,-3.94566,-13.2791,-7.36489
520,-3.64052,-13.4257,-7.31862
521,-3.74584,-13.1168,-7.81615
522,-3.65114,-12.7979,-8.38177
523,-3.69468,-12.816,-8.36939
524,-3.70075,-12.9665,-8.21075
525,-3.71783,-12.8164,-8.46268
526,-3.71377,-12.8324,-8.4393
527,-3.73713,-12.9531,-8.32308
528,-3.97429,-12.9666,-8.21391
529,-3.8433,-13.0041,-8.2203
530,-3.81013,-12.961,-8.30292
531,-3.83385,-12.9802,-8.2837
532,-3.84226,-12.9697,-8.30287
533,-3.54849,-12.8965,-8.57928
534,-3.59841,-12.7642,-8.77056
535,-3.37892,-12.7056,-8.91769
536,-3.92075,-12.6194,-8.85496
537,-4.02856,-12.6122,-8.83236
538,-3.30134,-12.4083,-9.45005
539,-3.52829,-12.486,-9.26084
540,-3.36198,-12.439,-9.38788
541,-3.30669,-12.5225,-9.28119
542,-3.61578,-12.4489,-9.27954
543,-3.54921,-12.3348,-9.50619
544,-3.55984,-12.6282,-9.13924
545,-3.95888,-12.5752,-9.10814
546,-3.83109,-12.6903,-9.02934
547,-3.697,-13.0837,-8.45213
548,-3.69835,-13.264,-8.13976
549,-3.52575,-13.4659,-7.91683
550,-4.01372,-13.2447,-8.04867
551,-3.80332,-13.5316,-7.693
552,-5.12815,-12.1616,-9.11876
553,-5.25967,-11.7456,-9.61689
554,-5.39635,-11.6884,-9.63254
555,-5.4291,-11.0667,-10.396
556,-5.23374,-11.2816,-10.28
557,-5.41802,-11.3438,-10.1093
558,-5.5498,-11.4518,-9.95056
559,-5.90113,-11.5293,-9.66984
560,-6.24549,-11.3406,-9.68823
561,-6.64374,-11.0049,-9.8301
562,-6.26528,-11.1567,-9.94915
563,-5.17776,-11.6261,-10.0996
564,-4.8722,-11.7078,-10.166
565,-4.6899,-11.9442,-10.0761
566,-4.61784,-12.0773,-9.98934
567,-4.26038,-12.0543,-10.1542
568,-4.57796,-11.9368,-10.2588
569,-4.49324,-11.9627,-10.2927
570,-4.88025,-11.6309,-10.5114
571,-4.79763,-11.6104,-10.5979
572,-4.77363,-11.5415,-10.7225
573,-4.88835,-11.6408,-10.5909
574,-4.68698,-11.7218,-10.6421
575,-5.13405,-11.6956,-10.4715
576,-4.54523,-11.8999,-10.54
577,-4.56474,-11.8537,-10.6303
578,-4.38356,-11.8879,-10.7036
579,-4.02959,-11.8567,-10.8745
580,-4.56276,-11.8425,-10.7529
581,-4.11673,-11.846,-10.9685
582,-5.09207,-11.8358,-10.593
583,-5.36515,-12.0118,-10.2967
584,-5.14969,-12.2823,-10.0839
585,-4.83675,-12.4251,-10.0605
586,-5.07935,-12.2892,-10.1027
587,-5.15634,-12.3122,-10.0565
588,-5.12859,-12.3956,-9.98968
589,-5.21799,-12.4214,-9.94988
590,-5.28681,-12.4446,-9.8992
591,-5.30881,-12.4502,-9.90336
592,-5.20591,-12.4265,-9.96747
593,-4.67507,-12.3789,-10.2899
594,-4.89991,-12.4476,-10.1267
595,-5.38924,-12.434,-9.94315
596,-4.6258,-12.585,-10.1433
597,-4.48357,-12.7421,-10.0371
598,-4.55678,-12.6498,-10.1209
599,-4.58773,-12.8662,-9.82374
600,-4.67791,-13.04,-9.56601
601,-4.80776,-12.9457,-9.62422
602,-5.02199,-13.187,-9.13093
603,-4.95946,-13.232,-9.10412
604,-5.81166,-12.3359,-9.8359
605,-5.8443,-12.059,-10.3135
606,-6.12547,-12.2194,-10.0077
607,-5.98411,-12.5439,-9.6476
608,-5.59541,-12.21,-10.3247
609,-5.7761,-12.1126,-10.4305
610,-6.19437,-11.913,-10.464
611,-5.71129,-12.1395,-10.4942
612,-5.2341,-12.4361,-10.3839
613,-4.05284,-13.0998,-10.1042
614,-2.9912,-13.7196,-9.6459
615,-3.23195,-13.7063,-9.61773
616,-3.50268,-13.5348,-9.76382
617,-3.72404,-13.5608,-9.66274
618,-3.68299,-13.6503,-9.57701
619,-3.89085,-13.7395,-9.41527
620,-4.02454,-13.6654,-9.50199
621,-3.85398,-13.8368,-9.35022
622,-3.74458,-13.8543,-9.43451
623,-4.0484,-13.3724,-9.95898
624,-4.33395,-13.1792,-10.1565
625,-6.1894,-11.4228,-11.0073
626,-7.20167,-10.7441,-11.2032
627,-7.63755,-10.5981,-11.0724
628,-7.31635,-10.4948,-11.3768
629,-6.92809,-10.8206,-11.3327
630,-7.12237,-10.133,-11.8703
631,-6.82466,-10.5937,-11.6632
632,-6.92173,-10.4726,-11.7358
633,-6.93191,-10.3714,-11.8513
634,-7.04539,-10.2758,-11.8977
635,-6.79107,-10.2376,-12.0632
636,-6.12283,-10.3094,-12.3393
637,-6.35426,-10.2374,-12.2659
638,-6.39989,-10.3468,-12.146
639,-6.37852,-10.9392,-11.6533
640,-6.54935,-10.9384,-11.5439
641,-6.50444,-11.1308,-11.46
642,-6.34134,-10.7826,-11.8533
643,-6.22893,-10.6983,-12.0176
644,-4.95904,-10.1767,-13.0363
645,-5.38,-10.6606,-12.5088
646,-5.75482,-10.9903,-12.0591
647,-5.87755,-11.2448,-11.715
648,-6.0201,-11.3512,-11.5932
649,-5.86941,-11.252,-11.7992
650,-5.79268,-11.5951,-11.5701
651,-5.83118,-11.4039,-11.7474
652,-5.59151,-11.7749,-11.5156
653,-5.41208,-12.1028,-11.2749
654,-5.3515,-12.3338,-11.0795
655,-6.50089,-11.4385,-11.319
656,-8.17906,-9.08798,-12.351
657,-8.06431,-8.9466,-12.5455
658,-8.15866,-9.32493,-12.2218
659,-7.90613,-9.81235,-11.9418
660,-7.8321,-9.7996,-11.961
661,-8.44392,-9.17198,-12.0832
662,-8.21854,-9.53814,-11.9717
663,-8.25815,-9.5763,-11.8827
664,-8.17848,-9.72496,-11.8201
665,-7.92341,-9.8434,-11.8882
666,-7.85135,-9.73715,-12.0263
667,-7.89429,-10.1295,-11.7117
668,-7.7445,-10.3211,-11.6461
669,-7.39933,-10.1968,-11.9932
670,-7.47685,-10.1136,-12.0755
671,-7.74032,-10.4045,-11.6762
672,-8.06971,-10.4984,-11.3767
673,-8.11368,-10.3755,-11.4972
674,-7.93814,-10.4387,-11.5798
675,-8.09286,-10.3184,-11.6143
676,-8.24137,-10.2553,-11.5891
677,-8.12801,-10.2493,-11.6868
678,-8.12223,-10.1279,-11.8155
679,-7.62794,-9.50536,-12.5764
680,-7.46668,-9.33654,-12.8388
681,-7.58599,-9.43061,-12.7696
682,-7.81832,-9.67935,-12.4201
683,-8.4531,-10.3415,-11.4113
684,-8.66327,-10.2562,-11.3511
685,-8.9339,-9.95634,-11.429
686,-8.64637,-9.88946,-11.7033
687,-8.27459,-9.61869,-12.214
688,-8.17391,-9.7878,-12.1524
689,-8.36875,-9.95342,-11.8937
690,-8.47404,-10.0987,-11.7254
691,-8.39846,-10.7306,-11.2185
692,-8.44758,-10.6141,-11.2596
693,-8.53443,-10.3064,-11.4599
694,-8.56027,-10.1865,-11.6277
695,-8.78615,-9.9032,-11.7421
696,-8.58598,-10.2247,-11.4993
697,-8.25532,-11.16,-10.7331
698,-8.3822,-10.7663,-10.9718
699,-8.48659,-10.7585,-10.9841
700,-8.24673,-11.0348,-10.9761
701,-8.20089,-10.9447,-11.0967
702,-8.21378,-10.918,-11.1017
703,-8.42218,-10.8077,-11.1125
704,-8.28959,-10.7193,-11.3414
705,-8.33472,-10.6068,-11.5263
706,-8.48323,-10.846,-11.1063
707,-8.45918,-11.9601,-10.1192
708,-8.76739,-11.6772,-10.3362
709,-8.95473,-11.007,-10.9088
710,-8.92639,-10.9449,-11.0307
711,-9.27923,-10.4367,-11.2706
712,-9.25325,-10.3288,-11.4166
713,-9.08372,-10.4338,-11.4538
714,-8.76131,-10.7295,-11.2859
715,-8.74297,-10.8299,-11.3034
716,-8.63735,-10.9247,-11.262
717,-8.70797,-10.8966,-11.2487
718,-8.7646,-10.7733,-11.3116
719,-8.78455,-10.7724,-11.2416
720,-8.87694,-10.503,-11.4805
721,-9.04479,-10.3526,-11.5221
722,-9.03016,-10.4411,-11.3489
723,-9.12347,-10.4896,-11.1515
724,-9.03706,-10.4613,-11.2606
725,-8.84915,-10.7283,-11.1582
726,-8.8096,-10.8514,-11.0689
727,-9.43228,-10.4179,-10.9999
728,-8.9395,-10.5386,-11.2722
729,-9.23793,-10.3878,-11.1642
730,-8.54527,-10.9402,-11.1882
731,-8.83925,-10.3013,-11.2639
732,-9.77294,-8.98755,-11.7593
733,-9.92885,-8.87418,-11.7717
734,-9.71232,-9.01261,-11.9477
735,-11.1991,-6.65028,-12.2893
736,-10.6387,-7.89297,-12.3128
737,-10.773,-7.90952,-12.2422
738,-12.0469,-7.10941,-11.5373
739,-11.6412,-7.58042,-11.6396
740,-12.2653,-6.13286,-11.7269
741,-13.2903,-3.92417,-11.6285
742,-14.2415,-4.10533,-10.1585
743,-12.8911,-7.7035,-10.1924
744,-12.0609,-7.09023,-11.4588
745,-11.5865,-8.50261,-10.8995
746,-11.6572,-7.09964,-11.8805
747,-9.31388,-10.378,-11.6166
748,-9.71308,-10.1827,-11.445
749,-9.73986,-10.2967,-11.2733
750,-8.78946,-10.1277,-12.5044
751,-8.75836,-10.1982,-12.6321
752,-9.05743,-10.1712,-12.4991
753,-8.86471,-10.2461,-12.6274
754,-8.72166,-10.3468,-12.6689
755,-8.47823,-10.5367,-12.7169
756,-8.81045,-10.5886,-12.4559
757,-8.60771,-10.6444,-12.5569
758,-8.51269,-10.457,-12.7886
759,-8.22228,-10.58,-12.8917
760,-8.20356,-10.6933,-12.8584
761,-8.20373,-10.74,-12.847
762,-8.47446,-10.4218,-12.9297
763,-8.0372,-10.6756,-13.0092
764,-8.40654,-10.8131,-12.7173
765,-8.1472,-10.8224,-12.8794
766,-7.96397,-10.5169,-13.2567
767,-8.44638,-10.4831,-13.0515
768,-6.92588,-10.186,-13.7741
769,-5.43553,-9.90318,-14.857
770,-6.25088,-9.94558,-14.5863
771,-7.01633,-9.88569,-14.3125
772,-6.85256,-10.0415,-14.2474
773,-6.86968,-10.3789,-13.9678
774,-7.041,-9.89571,-14.1912
775,-6.93388,-9.66526,-14.4211
776,-6.79111,-9.19442,-14.7584
777,-7.36708,-9.3708,-14.3284
778,-7.86349,-9.59446,-14.0252
779,-8.33742,-9.64052,-13.6823
780,-8.74492,-9.01917,-13.8383
781,-8.25441,-9.04075,-14.3372
782,-8.16622,-9.22813,-14.3236
783,-7.78989,-8.87409,-14.7102
784,-7.49988,-8.90489,-14.8583
785,-7.56857,-9.00893,-14.788
786,-7.61411,-9.0719,-14.776
787,-8.13719,-9.0021,-14.5632
788,-8.3484,-8.92834,-14.5749
789,-8.05927,-9.22524,-14.5656
790,-7.97331,-9.03901,-14.6858
791,-7.88399,-8.75179,-14.8783
792,-8.33624,-9.32393,-14.2917
793,-7.61269,-8.98,-14.8808
794,-7.09188,-8.68639,-15.3407
795,-8.24572,-8.86842,-14.6488
796,-9.11227,-9.21188,-13.9115
797,-9.33052,-9.23816,-13.6737
798,-9.16011,-9.18157,-13.818
799,-9.30882,-9.16483,-13.7175
800,-8.64442,-8.50243,-14.5239
801,-8.28327,-8.43656,-14.9191
802,-8.53147,-9.05727,-14.4112
803,-8.79159,-9.08949,-14.2227
804,-8.68328,-8.49343,-14.5798
805,-8.48186,-8.04951,-14.9827
806,-9.00836,-8.13921,-14.6724
807,-8.8202,-7.803,-15.0682
808,-8.51657,-7.98496,-15.2127
809,-8.42402,-8.1804,-15.1713
810,-9.39296,-8.11174,-14.5955
811,-9.02157,-8.0482,-14.8417
812,-9.47968,-8.30705,-14.3822
813,-10.138,-8.24798,-13.9367
814,-9.77565,-8.28957,-14.1996
815,-10.0177,-7.98546,-14.1561
816,-10.9965,-7.57034,-13.0745
817,-13.6396,-6.54872,-10.876
818,-13.3636,-6.39596,-11.3699
819,-12.8237,-6.08731,-12.2134
820,-13.8281,-6.44651,-11.2381
821,-13.4272,-6.29891,-12.0064
822,-13.5132,-6.34458,-11.9028
823,-13.5219,-6.51309,-11.6511
824,-13.4703,-6.53266,-11.64
825,-13.7196,-6.25408,-11.5817
826,-13.5054,-6.50635,-11.6869
827,-13.0972,-6.36917,-12.158
828,-12.9984,-5.82416,-12.5271
829,-13.422,-6.00843,-12.0501
830,-12.6567,-6.97742,-12.3258
831,-12.8726,-6.89703,-12.3124
832,-12.8062,-6.55293,-12.7584
833,-13.0505,-6.15689,-12.8239
834,-12.7972,-6.91973,-12.6726
835,-13.172,-4.61299,-13.5274
836,-13.0843,-4.69708,-13.5987
837,-13.3189,-4.8026,-13.4471
838,-13.2316,-4.83558,-13.6586
839,-13.4297,-4.78749,-13.64
840,-14.1103,-5.04995,-12.8028
841,-15.8679,-6.80141,-9.50177
842,-16.0578,-6.77416,-9.12835
843,-15.7594,-6.28033,-9.85756
844,-15.4837,-6.07432,-10.4144
845,-15.336,-5.9897,-10.6279
846,-15.3646,-6.36453,-10.3666
847,-15.0818,-6.23427,-10.8086
848,-15.4606,-6.16152,-10.3032
849,-15.7142,-5.8762,-10.1564
850,-15.5279,-5.74187,-10.5375
851,-14.9971,-5.57232,-11.3195
852,-14.5187,-5.5522,-11.9002
853,-14.4033,-5.58668,-11.9658
854,-14.3905,-5.60399,-11.997
855,-14.3536,-5.54234,-12.0974
856,-14.5188,-5.32102,-12.0345
857,-14.5375,-5.13805,-12.0729
858,-14.3907,-5.34566,-12.1707
859,-14.1894,-5.1238,-12.5939
860,-14.456,-5.70038,-12.1127
861,-14.4075,-5.97912,-12.0017
862,-14.3863,-5.24728,-12.3405
863,-14.364,-4.9368,-12.6492
864,-14.2891,-5.11635,-12.6479
865,-14.3365,-5.5578,-12.427
866,-14.2351,-5.46694,-12.5388
867,-14.2596,-5.47968,-12.6744
868,-14.3833,-5.60592,-12.5196
869,-14.6626,-5.8648,-12.0984
870,-14.445,-5.77896,-12.4209
871,-14.3272,-5.47339,-12.7014
872,-14.235,-5.40918,-12.8358
873,-14.2448,-5.52099,-12.7954
874,-13.9075,-5.47154,-13.0862
875,-12.8096,-5.2592,-14.1293
876,-12.8926,-5.1672,-13.9938
877,-12.9893,-5.41364,-13.8491
878,-12.8488,-5.50423,-13.9899
879,-12.7133,-5.54194,-14.0785
880,-12.7541,-5.38367,-14.1593
881,-13.016,-5.32176,-13.9577
882,-13.2066,-5.30527,-13.8669
883,-13.3368,-5.35066,-13.7541
884,-13.2817,-5.26538,-13.8306
885,-13.3467,-5.14904,-13.7913
886,-13.3105,-5.47363,-13.6709
887,-12.6978,-6.03678,-14.0077
888,-12.7951,-6.12892,-13.89
889,-13.433,-5.2715,-13.6404
890,-13.6642,-4.78446,-13.6185
891,-13.629,-4.61262,-13.7073
892,-13.5383,-4.56571,-13.8055
893,-13.5531,-4.6266,-13.7614
894,-13.551,-4.64666,-13.7735
895,-13.4785,-4.40508,-13.8775
896,-13.447,-4.15636,-13.9932
897,-13.4865,-3.81867,-14.0535
898,-13.3366,-3.79935,-14.1553
899,-13.0659,-3.50287,-14.5087
900,-13.1699,-3.49074,-14.479
901,-13.2239,-3.45075,-14.3921
902,-13.3014,-3.64236,-14.2959
903,-13.3912,-3.63999,-14.3505
904,-13.7496,-4.25093,-13.7347
905,-13.7477,-4.19994,-13.7146
906,-13.7779,-4.15324,-13.7357
907,-13.473,-3.77048,-14.2124
908,-13.3622,-3.3542,-14.4311
909,-13.3374,-3.07522,-14.5351
910,-13.1727,-2.5576,-14.8001
911,-13.091,-2.42418,-14.9772
912,-13.0546,-2.20607,-15.084
913,-13.0752,-2.19138,-15.043
914,-12.5417,-4.49695,-15.0037
915,-12.7511,-4.48899,-14.942
916,-12.7723,-4.58057,-14.9251
917,-12.8538,-4.51529,-14.9395
918,-13.0619,-4.44008,-14.7717
919,-12.8921,-4.43905,-14.9604
920,-12.3564,-3.75992,-15.5415
921,-12.5221,-3.82684,-15.4297
922,-12.5365,-3.91485,-15.4162
923,-12.6604,-3.85584,-15.3886
924,-12.5798,-3.80828,-15.5266
925,-12.5644,-3.74724,-15.6523
926,-12.5093,-3.79468,-15.7186
927,-12.2981,-4.00799,-15.8682
928,-12.2101,-4.12026,-15.9394
929,-12.4126,-3.89155,-15.8145
930,-12.0707,-4.35318,-16.0112
931,-11.9841,-4.36127,-16.0933
932,-12.0666,-4.41693,-15.9241
933,-11.1796,-5.56279,-16.3042
934,-11.0494,-5.94194,-16.2174
935,-12.8194,-3.76298,-15.5041
936,-13.2075,-3.39319,-15.308
937,-12.805,-3.37032,-15.6215
938,-12.7781,-3.15385,-15.7048
939,-12.8101,-2.7109,-15.7947
940,-12.8554,-2.36897,-15.8325
941,-12.7703,-2.68225,-15.8613
942,-12.8768,-2.57552,-15.8136
943,-12.9644,-2.56504,-15.7839
944,-12.8724,-2.82055,-15.8868
945,-12.7903,-2.8868,-15.9258
946,-12.7602,-2.89205,-15.9613
947,-12.7949,-3.03555,-15.92
948,-12.6992,-3.06766,-16.045
949,-12.6117,-3.05515,-16.2595
950,-12.5361,-3.02411,-16.3119
951,-12.5054,-3.04949,-16.4258
952,-12.5483,-3.10335,-16.4295
953,-12.6398,-3.08308,-16.3732
954,-12.6073,-2.94493,-16.4417
955,-12.6531,-3.00388,-16.3851
956,-12.622,-3.24046,-16.1655
957,-12.4759,-2.95534,-16.2169
958,-12.8059,-3.0083,-15.9641
959,-13.3951,-4.1109,-15.1578
960,-12.2973,-3.05249,-16.4142
961,-12.4789,-3.09373,-16.2933
962,-12.5663,-3.16902,-16.2275
963,-12.5967,-2.97892,-16.219
964,-12.7093,-2.92879,-16.1149
965,-12.6428,-3.22698,-16.1084
966,-12.638,-3.01509,-16.1138
967,-12.9777,-3.45253,-15.7533
968,-12.7416,-4.15903,-15.7782
969,-12.5727,-3.84075,-15.9591
970,-12.7226,-2.99865,-16.0956
971,-13.0313,-2.76324,-15.8862
972,-13.306,-2.37713,-15.727
973,-12.8659,-3.00269,-15.9713
974,-12.2749,-3.93387,-16.2318
975,-11.9985,-4.23082,-16.3571
976,-12.6353,-3.18953,-15.8575
977,-13.5759,-1.97855,-15.455
978,-12.8098,-3.16748,-15.925
979,-12.8867,-2.59055,-15.9795
980,-12.6695,-2.09094,-16.2393
981,-12.7961,-1.98442,-16.127
982,-12.9553,-2.41322,-15.9598
983,-13.0529,-1.70378,-15.9794
984,-12.7177,-1.02407,-16.3685
985,-12.8844,-2.31874,-16.3077
986,-12.834,-2.50419,-16.3292
987,-12.9122,-2.79304,-16.2084
988,-12.6915,-3.18225,-16.2966
989,-12.6127,-4.01092,-16.1743
990,-12.5141,-4.57208,-16.0687
991,-12.362,-5.47555,-15.8407
992,-12.5233,-5.81248,-15.5361
993,-12.3844,-5.84783,-15.5718
994,-12.2164,-4.33981,-16.4259
995,-12.3618,-3.6122,-16.4204
996,-12.4974,-2.43859,-16.3818
997,-12.7868,-3.5354,-16.2468
998,-12.8624,-3.32442,-16.2562
999,-12.7415,-3.7071,-16.2343
1000,-12.8379,-4.03828,-16.094
1001,-12.6953,-4.32703,-16.1319
1002,-12.8977,-4.05519,-16.0398
1003,-12.8598,-3.80411,-16.1099
1004,-12.3343,-4.43798,-16.2807
1005,-12.1605,-4.56103,-16.3713
1006,-12.7087,-3.26146,-16.1076
1007,-12.8259,-1.81377,-16.2004
1008,-12.6341,-1.94824,-16.3322
1009,-12.337,-2.2073,-16.4946
1010,-12.6107,-2.51824,-16.284
1011,-12.7936,-2.5812,-16.1525
1012,-12.8702,-2.99198,-16.0938
1013,-12.8715,-3.0623,-16.2601
1014,-12.6293,-3.376,-16.3666
1015,-12.6082,-3.41034,-16.3738
1016,-12.7177,-3.67852,-16.2274
1017,-12.5879,-3.90056,-16.2492
1018,-12.8103,-3.54538,-16.1837
1019,-12.8867,-3.70414,-16.07
1020,-12.8988,-3.48597,-16.1175
1021,-13.0634,-3.159,-16.0408
1022,-13.4908,-2.19393,-15.7996
1023,-13.6032,-1.80943,-15.7407
1024,-13.6356,-1.56496,-15.6423
1025,-13.3701,-1.82208,-15.7968
1026,-13.2834,-2.31944,-15.8296
1027,-13.2874,-2.12097,-15.8983
1028,-13.1935,-2.5393,-15.877
1029,-12.8786,-1.70925,-16.3139
1030,-12.9747,-1.60036,-16.3068
1031,-13.2331,-1.84143,-16.0956
1032,-12.95,-2.08644,-16.3355
1033,-13.0034,-1.95306,-16.2904
1034,-13.0195,-2.55376,-16.2231
1035,-12.7424,-2.44977,-16.4426
1036,-12.7058,-2.91684,-16.3967
1037,-12.8304,-2.58963,-16.3195
1038,-12.6157,-2.38273,-16.4803
1039,-11.9563,-1.77281,-16.9775
1040,-12.2025,-1.92382,-16.8038
1041,-13.2175,-2.34282,-16.0357
1042,-14.285,-2.87498,-15.0285
1043,-14.7148,-3.05068,-14.5715
1044,-15.0671,-3.36157,-14.107
1045,-13.7539,-2.73634,-15.5114
1046,-13.6311,-2.91704,-15.5926
1047,-13.5167,-2.72358,-15.731
1048,-14.0648,-3.08576,-15.182
1049,-14.1424,-3.25497,-15.0601
1050,-13.679,-2.4163,-15.3846
1051,-13.1342,-1.93494,-16.0419
1052,-13.4266,-1.80135,-15.813
1053,-13.6815,-1.4116,-15.5905
1054,-13.4794,-1.89172,-15.6183
1055,-13.3872,-2.02138,-15.6839
1056,-13.2524,-3.44656,-15.6588
1057,-13.2852,-3.07422,-15.7038
1058,-13.1607,-2.55296,-15.8557
1059,-13.2063,-2.23617,-15.8789
1060,-13.3214,-1.13197,-15.9163
1061,-13.1024,-2.65003,-15.93
1062,-13.055,-2.12036,-16.0823
1063,-12.8276,-3.63774,-16.0375
1064,-12.6891,-3.34895,-16.1659
1065,-13.6262,-1.1415,-15.7391
1066,-13.1035,-0.630466,-16.2071
1067,-13.0918,-0.492707,-16.2343
1068,-12.9088,-1.51706,-16.2917
1069,-12.6823,-1.40643,-16.4416
1070,-12.3737,-1.97582,-16.5988
1071,-12.1177,-0.904576,-16.9034
1072,-11.9793,-0.454889,-17.0404
1073,-11.9563,-1.0982,-17.0229
1074,-12.4677,-0.340914,-16.6957
1075,-11.5756,-1.4747,-17.2518
1076,-10.7628,-1.21057,-17.8222
1077,-10.9864,-1.28156,-17.7113
1078,-10.6559,-1.09181,-17.9396
1079,-9.8552,-0.283683,-18.4447
1080,-5.43082,4.23728,-19.8712
1081,-4.36087,4.54953,-19.8318
1082,-3.89178,4.67333,-19.837
1083,-4.06667,3.79481,-19.9758
1084,-4.16837,3.42265,-20.0318
1085,-4.26267,3.29277,-20.0389
1086,-4.40456,3.43749,-19.9522
1087,-4.76248,3.43848,-19.8848
1088,-5.05618,3.39847,-19.8368
1089,-5.03584,2.95653,-19.8663
1090,-4.72037,3.68271,-19.8177
1091,-4.71923,3.91169,-19.7463
1092,-4.6755,4.07653,-19.7185
1093,-4.6777,4.18775,-19.6454
1094,-4.95382,3.80954,-19.6621
1095,-5.02489,3.73811,-19.6385
1096,-5.23804,3.48101,-19.6295
1097,-5.31053,3.41437,-19.632
1098,-5.37542,3.77456,-19.5431
1099,-5.87529,3.75309,-19.388
1100,-5.19922,3.88663,-19.4586
1101,-5.17392,4.023,-19.4249
1102,-5.54457,4.05149,-19.3805
1103,-5.18451,4.47102,-19.3447
1104,-4.19434,4.63109,-19.6493
1105,-4.72569,4.8336,-19.3992
1106,-4.66729,4.20496,-19.5292
1107,-5.01406,4.00281,-19.5065
1108,-5.26409,4.47263,-19.3191
1109,-5.07308,4.31686,-19.3575
1110,-5.07842,4.76138,-19.2461
1111,-4.99732,4.66141,-19.3025
1112,-4.80447,4.51774,-19.2036
1113,-3.98269,5.18952,-19.1423
1114,-4.2256,5.27587,-19.1872
1115,-4.18095,5.32523,-19.1807
1116,-3.97145,5.31602,-19.2154
1117,-3.44398,5.15833,-19.2965
1118,-2.97472,4.93098,-19.3771
1119,-2.655,4.70967,-19.5179
1120,-2.67121,4.82305,-19.4984
1121,-2.95098,4.74134,-19.4342
1122,-2.89666,4.95721,-19.3845
1123,-3.10694,4.6772,-19.4245
1124,-3.18435,4.55347,-19.4647
1125,-3.38687,4.15515,-19.5073
1126,-3.95913,4.27991,-19.3793
1127,-3.47867,4.30875,-19.4548
1128,-2.67314,4.63364,-19.5013
1129,-1.77071,4.75098,-19.5464
1130,-2.87521,4.46127,-19.285
1131,-5.29904,5.03849,-18.1926
1132,-11.9762,4.79322,-14.9909
1133,-13.4178,2.84641,-14.3931
1134,-9.84727,3.69674,-16.4717
1135,-3.34069,4.49438,-18.9038
1136,-7.0795,2.13899,-18.1195
1137,-10.9337,2.46052,-16.1021
1138,-10.7806,2.72811,-16.3694
1139,-9.82888,3.12172,-16.9898
1140,-9.98975,2.91706,-16.9312
1141,-9.6204,3.33776,-16.9908
1142,-9.82174,3.399,-16.8878
1143,-10.2204,3.72104,-16.6907
1144,-11.0339,3.15715,-16.3363
1145,-11.1913,3.24753,-16.1895
1146,-12.3086,2.0382,-15.6799
1147,-12.3182,3.15457,-15.6486
1148,-12.3204,3.61463,-15.5961
1149,-12.468,4.00211,-15.4048
1150,-11.9819,4.48314,-15.6789
1151,-12.7326,3.77628,-15.2009
1152,-10.922,3.79465,-16.5362
1153,-10.6,2.45135,-16.9441
1154,-9.26016,2.2887,-17.8139
1155,-9.11068,3.18661,-17.8098
1156,-10.895,4.17146,-16.4144
1157,-11.7347,5.6254,-15.5411
1158,-9.93935,6.44657,-15.8869
1159,-7.73074,3.27741,-18.2362
1160,-7.65296,3.06754,-18.3117
1161,-7.98516,2.56196,-18.4327
1162,-7.80594,2.59143,-18.5477
1163,-7.83556,2.82779,-18.3868
1164,-8.07809,2.80925,-18.248
1165,-8.12762,1.97474,-18.3161
1166,-8.17575,3.17666,-17.9998
1167,-8.77603,2.87824,-17.753
1168,-7.78029,3.76759,-18.1111
1169,-8.30602,4.40911,-17.7267
1170,-7.92288,4.63769,-17.8209
1171,-8.34989,4.17477,-17.6811
1172,-9.25862,2.27622,-17.4421
1173,-6.93051,2.90504,-17.7422
1174,-4.81038,6.78267,-18.3253
1175,-5.25974,6.36874,-18.5461
1176,-5.47346,6.12297,-18.557
1177,-4.99174,6.3787,-18.5575
1178,-4.33391,6.73402,-18.5442
1179,-3.78847,7.58119,-18.327
1180,-3.71419,7.55575,-18.2928
1181,-4.41666,7.18203,-18.201
1182,-4.5133,6.83302,-18.2471
1183,-5.22629,6.68199,-18.1058
1184,-5.88795,6.44449,-18.0359
1185,-6.0127,6.64896,-18.0305
1186,-6.29958,6.31643,-18.0428
1187,-6.23394,7.00004,-17.8526
1188,-5.34404,9.06397,-17.239
1189,-5.18937,8.79593,-17.4176
1190,-5.14847,8.61768,-17.4967
1191,-5.01615,8.23753,-17.6822
1192,-4.97798,8.05868,-17.7792
1193,-5.25303,8.15683,-17.6423
1194,-5.24971,9.31099,-16.9512
1195,-5.22079,8.85099,-17.1104
1196,-5.21287,8.79639,-17.1195
1197,-5.53594,7.58881,-17.6073
1198,-5.74857,6.60499,-18.0798
1199,-5.72541,7.36709,-17.7283
1200,-4.93963,8.67004,-17.2194
1201,-5.25407,8.57258,-17.1308
1202,-4.79626,9.5717,-16.6864
1203,-4.75564,10.1679,-16.365
1204,-4.5087,10.2571,-16.3869
1205,-4.42225,9.71271,-16.7435
1206,-4.26283,9.77685,-16.7918
1207,-4.68083,10.1432,-16.4377
1208,-4.48077,9.50635,-16.8303
1209,-4.99585,8.60185,-17.0778
1210,-5.61526,8.1654,-17.0331
1211,-5.62542,8.01115,-17.072
1212,-6.48083,6.61048,-17.4841
1213,-6.6265,7.3444,-17.1256
1214,-6.29113,6.9022,-17.53
1215,-6.13829,6.36806,-17.8653
1216,-6.22493,6.40767,-17.802
1217,-6.38805,6.0408,-17.8375
1218,-6.5435,6.58898,-17.5412
1219,-6.26369,7.27722,-17.2534
1220,-6.33659,7.16169,-17.2064
1221,-6.5976,6.91577,-17.2016
1222,-6.40114,7.11059,-17.2058
1223,-6.3245,7.18816,-17.2128
1224,-6.0487,7.73733,-17.0635
1225,-4.99172,9.20215,-16.6595
1226,-6.39232,7.56162,-16.9783
1227,-6.75507,6.84212,-17.1579
1228,-6.74612,6.57187,-17.2345
1229,-6.52292,6.2952,-17.427
1230,-7.39592,6.71772,-16.9133
1231,-7.48643,6.52114,-16.9491
1232,-7.44415,6.17463,-17.0788
1233,-7.5989,6.06737,-17.0313
1234,-7.74447,5.9922,-16.9939
1235,-8.3827,5.60185,-16.8545
1236,-8.90173,5.46745,-16.6705
1237,-8.55381,5.45771,-16.8475
1238,-8.40036,5.76503,-16.8467
1239,-8.5861,5.73491,-16.7667
1240,-8.69162,5.60375,-16.7452
1241,-8.92412,5.51137,-16.6272
1242,-8.75691,5.70433,-16.5614
1243,-9.11245,5.45072,-16.4302
1244,-8.77153,5.72881,-16.5274
1245,-9.10641,5.44692,-16.42
1246,-9.33967,5.35298,-16.2829
1247,-9.19556,5.3702,-16.4167
1248,-9.20978,5.48592,-16.3797
1249,-9.15531,5.54998,-16.3699
1250,-9.2363,5.56375,-16.3505
1251,-9.31051,5.55547,-16.3117
1252,-9.35278,6.17346,-16.0777
1253,-9.07563,7.70334,-15.549
1254,-9.25573,7.41771,-15.4599
1255,-8.8703,7.31335,-15.7061
1256,-8.85687,7.36765,-15.7051
1257,-8.45066,6.87289,-16.0447
1258,-7.4969,6.46673,-16.6072
1259,-7.66199,6.56359,-16.4522
1260,-8.1349,5.62,-16.586
1261,-7.87657,5.85194,-16.6178
1262,-5.80483,9.28439,-16.1031
1263,-6.02362,9.96948,-15.7319
1264,-5.56819,9.45815,-16.1833
1265,-5.77975,10.3129,-15.5658
1266,-5.8368,9.95251,-15.7928
1267,-5.98196,10.6893,-15.215
1268,-5.91906,9.86672,-15.7291
1269,-6.27772,9.72866,-15.6687
1270,-6.54704,9.75264,-15.4744
1271,-7.17615,10.4273,-14.7663
1272,-3.38529,9.78667,-16.4079
1273,-4.24895,10.1337,-15.9555
1274,-5.86203,9.70856,-15.683
1275,-6.27208,9.87119,-15.4472
1276,-6.34163,9.93994,-15.4231
1277,-6.4532,10.3867,-15.102
1278,-6.34082,10.5873,-15.0361
1279,-6.3166,10.3779,-15.2407
1280,-6.39715,10.3119,-15.1909
1281,-5.88476,11.4661,-14.4261
1282,-5.8712,11.8663,-14.1217
1283,-5.39412,12.1312,-14.024
1284,-5.34794,12.2281,-13.9202
1285,-6.15964,10.398,-15.0565
1286,-6.06636,10.5088,-14.9767
1287,-6.19523,9.95453,-15.2232
1288,-5.70268,10.2025,-15.2159
1289,-6.13085,9.7031,-15.3281
1290,-6.40405,9.46842,-15.317
1291,-5.70477,10.1318,-15.179
1292,-5.78854,10.7136,-14.7745
1293,-5.2942,10.3545,-15.0369
1294,-5.4087,10.3504,-15.058
1295,-5.63966,10.116,-15.052
1296,-5.65258,9.84468,-15.0385
1297,-5.67223,9.81614,-15.0393
1298,-5.39054,9.09042,-15.4929
1299,-5.71326,8.95262,-15.3984
1300,-6.0641,9.96241,-14.6488
1301,-5.86492,9.5913,-14.7495
1302,-5.35211,9.62569,-14.9015
1303,-6.16942,10.7496,-13.6963
1304,-5.96593,10.3236,-14.1438
1305,-5.92446,10.3587,-14.0736
1306,-5.99323,10.155,-14.275
1307,-5.81231,9.04715,-15.2107
1308,-6.26508,8.51621,-15.3855
1309,-6.43569,8.09616,-15.4804
1310,-5.71993,9.34321,-14.72
1311,-5.13209,10.6141,-13.7274
1312,-5.68967,10.0108,-13.9186
1313,-5.89422,9.04807,-14.4234
1314,-5.86329,8.97227,-14.5453
1315,-5.86829,8.64892,-14.6509
1316,-5.71936,8.49993,-14.7742
1317,-5.7042,9.08496,-14.5375
1318,-5.85845,9.46618,-14.2933
1319,-5.90252,9.42057,-14.4659
1320,-6.15881,9.19763,-14.3651
1321,-5.90618,9.62326,-14.0419
1322,-5.95972,9.47497,-14.113
1323,-5.80697,9.47037,-14.3027
1324,-5.71606,9.79494,-14.0783
1325,-5.50253,10.4622,-13.6105
1326,-5.51621,9.93606,-13.9854
1327,-5.95795,9.59343,-14.0215
1328,-6.5898,9.21029,-14.1034
1329,-7.57871,8.35984,-14.1786
1330,-6.36898,9.07533,-14.3305
1331,-6.03017,9.34837,-14.2939
1332,-5.98141,9.91593,-14.0237
1333,-5.86471,9.39448,-13.9976
1334,-5.76036,9.69663,-13.7032
1335,-5.9149,8.82451,-14.2359
1336,-5.19105,9.9833,-13.6731
1337,-5.03391,10.3046,-13.5506
1338,-4.61113,10.8218,-13.4078
1339,-4.33552,11.2252,-13.1494
1340,-3.84492,11.2692,-13.3487
1341,-3.38251,11.1869,-13.3541
